﻿pos_x,pos_y,rotation,side,designator,mpn,pack,footprint,value,mount_type
-23.6145,41.55,-90.0,top,B1,,,JST_PH_S2B-PH-K_1x02_P2.00mm_Horizontal,JST Battery,tht
-10.6045,39.41,90.0,top,B2,,,JST_PH_S2B-PH-K_1x02_P2.00mm_Horizontal,JST Battery,tht
-135.255125,57.65,180.0,top,D1,,,Diode_SOD-123,D,smt
-84.255125,47.86875,180.0,top,D10,,,Diode_SOD-123,D,smt
-67.255125,45.478125,180.0,top,D11,,,Diode_SOD-123,D,smt
-49.9895,43.0875,180.0,top,D12,,,Diode_SOD-123,D,smt
-135.255125,23.696875,180.0,top,D13,,,Diode_SOD-123,D,smt
-118.255125,23.65,180.0,top,D14,,,Diode_SOD-123,D,smt
-101.255125,28.4,180.0,top,D15,,,Diode_SOD-123,D,smt
-84.255125,30.86875,180.0,top,D16,,,Diode_SOD-123,D,smt
-67.255125,28.478125,180.0,top,D17,,,Diode_SOD-123,D,smt
-50.255125,26.0875,180.0,top,D18,,,Diode_SOD-123,D,smt
-78.677,8.821875,180.0,top,D19,,,Diode_SOD-123,D,smt
-118.255125,57.696875,180.0,top,D2,,,Diode_SOD-123,D,smt
-57.161375,5.9,165.0,top,D20,,,Diode_SOD-123,D,smt
-40.161375,-2.865625,-120.0,top,D21,,,Diode_SOD-123,D,smt
101.151125,57.696875,0.0,top,D22,,,Diode_SOD-123,D,smt
84.151125,57.696875,0.0,top,D23,,,Diode_SOD-123,D,smt
67.151125,62.478125,0.0,top,D24,,,Diode_SOD-123,D,smt
50.151125,64.86875,0.0,top,D25,,,Diode_SOD-123,D,smt
33.227676,62.442372,0.0,top,D26,,,Diode_SOD-123,D,smt
16.41675,60.0875,0.0,top,D27,,,Diode_SOD-123,D,smt
101.151125,40.696875,0.0,top,D28,,,Diode_SOD-123,D,smt
84.151125,40.696875,0.0,top,D29,,,Diode_SOD-123,D,smt
-100.6145,62.4,180.0,top,D3,,,Diode_SOD-123,D,smt
67.151125,45.478125,0.0,top,D30,,,Diode_SOD-123,D,smt
50.151125,47.86875,0.0,top,D31,,,Diode_SOD-123,D,smt
33.196261,45.460895,0.0,top,D32,,,Diode_SOD-123,D,smt
16.41675,43.0875,0.0,top,D33,,,Diode_SOD-123,D,smt
101.207375,23.696875,0.0,top,D34,,,Diode_SOD-123,D,smt
84.9355,23.55,0.0,top,D35,,,Diode_SOD-123,D,smt
67.41675,28.478125,0.0,top,D36,,,Diode_SOD-123,D,smt
50.151125,30.86875,0.0,top,D37,,,Diode_SOD-123,D,smt
33.207375,28.478125,0.0,top,D38,,,Diode_SOD-123,D,smt
16.41675,26.0875,0.0,top,D39,,,Diode_SOD-123,D,smt
-84.255125,64.86875,180.0,top,D4,,,Diode_SOD-123,D,smt
44.838625,8.821875,0.0,top,D40,,,Diode_SOD-123,D,smt
23.057375,6.15,15.0,top,D41,,,Diode_SOD-123,D,smt
6.323,-3.396875,-60.0,top,D42,,,Diode_SOD-123,D,smt
-67.255125,62.478125,180.0,top,D5,,,Diode_SOD-123,D,smt
-50.255125,60.0875,180.0,top,D6,,,Diode_SOD-123,D,smt
-135.255125,40.65,180.0,top,D7,,,Diode_SOD-123,D,smt
-118.255125,40.696875,180.0,top,D8,,,Diode_SOD-123,D,smt
-100.6145,45.4,180.0,top,D9,,,Diode_SOD-123,D,smt
-25.8645,-0.25,150.0,top,PSW1,,,MSK12C02_reversible,SW_SPDT,tht
-12.4645,6.75,30.0,top,PSW2,,,MSK12C02_reversible,SW_SPDT,tht
-135.4446,55.1,0.0,top,SW1,,,CPG1316S01D02_mikeholscher,SW_PUSH,smt
-84.4446,45.2251,0.0,top,SW10,,,CPG1316S01D02_mikeholscher,SW_PUSH,smt
-67.4446,42.8495,0.0,top,SW11,,,CPG1316S01D02_mikeholscher,SW_PUSH,smt
-50.4446,40.4749,0.0,top,SW12,,,CPG1316S01D02_mikeholscher,SW_PUSH,smt
-135.4446,21.1,0.0,top,SW13,,,CPG1316S01D02_mikeholscher,SW_PUSH,smt
-118.4446,21.1,0.0,top,SW14,,,CPG1316S01D02_mikeholscher,SW_PUSH,smt
-101.4446,25.85,0.0,top,SW15,,,CPG1316S01D02_mikeholscher,SW_PUSH,smt
-84.4446,28.225,0.0,top,SW16,,,CPG1316S01D02_mikeholscher,SW_PUSH,smt
-67.4446,25.85,0.0,top,SW17,,,CPG1316S01D02_mikeholscher,SW_PUSH,smt
-50.4446,23.475,0.0,top,SW18,,,CPG1316S01D02_mikeholscher,SW_PUSH,smt
-78.9446,6.225,0.0,top,SW19,,,CPG1316S01D02_mikeholscher,SW_PUSH,smt
-118.4446,55.1,0.0,top,SW2,,,CPG1316S01D02_mikeholscher,SW_PUSH,smt
-57.9446,3.475,-15.0,top,SW20,,,CPG1316S01D02_mikeholscher,SW_PUSH,smt
-38.1145,-4.35,60.0,top,SW21,,,CPG1316S01D02_mikeholscher,SW_PUSH,smt
101.0624,55.105,0.0,top,SW22,,,CPG1316S01D02_mikeholscher,SW_PUSH,smt
84.0624,55.105,0.0,top,SW23,,,CPG1316S01D02_mikeholscher,SW_PUSH,smt
67.0624,59.855,0.0,top,SW24,,,CPG1316S01D02_mikeholscher,SW_PUSH,smt
50.0624,62.23,0.0,top,SW25,,,CPG1316S01D02_mikeholscher,SW_PUSH,smt
33.0624,59.855,0.0,top,SW26,,,CPG1316S01D02_mikeholscher,SW_PUSH,smt
16.0554,57.475,0.0,top,SW27,,,CPG1316S01D02_mikeholscher,SW_PUSH,smt
101.0624,38.105,0.0,top,SW28,,,CPG1316S01D02_mikeholscher,SW_PUSH,smt
84.0624,38.105,0.0,top,SW29,,,CPG1316S01D02_mikeholscher,SW_PUSH,smt
-101.4446,59.85,0.0,top,SW3,,,CPG1316S01D02_mikeholscher,SW_PUSH,smt
67.0624,42.855,0.0,top,SW30,,,CPG1316S01D02_mikeholscher,SW_PUSH,smt
50.0624,45.23,0.0,top,SW31,,,CPG1316S01D02_mikeholscher,SW_PUSH,smt
33.0624,42.855,0.0,top,SW32,,,CPG1316S01D02_mikeholscher,SW_PUSH,smt
16.0624,40.48,0.0,top,SW33,,,CPG1316S01D02_mikeholscher,SW_PUSH,smt
101.0624,21.105,0.0,top,SW34,,,CPG1316S01D02_mikeholscher,SW_PUSH,smt
84.0624,21.105,0.0,top,SW35,,,CPG1316S01D02_mikeholscher,SW_PUSH,smt
67.0624,25.855,0.0,top,SW36,,,CPG1316S01D02_mikeholscher,SW_PUSH,smt
50.0624,28.23,0.0,top,SW37,,,CPG1316S01D02_mikeholscher,SW_PUSH,smt
33.0624,25.855,0.0,top,SW38,,,CPG1316S01D02_mikeholscher,SW_PUSH,smt
16.0624,23.48,0.0,top,SW39,,,CPG1316S01D02_mikeholscher,SW_PUSH,smt
-84.4446,62.2248,0.0,top,SW4,,,CPG1316S01D02_mikeholscher,SW_PUSH,smt
44.5624,6.23,0.0,top,SW40,,,CPG1316S01D02_mikeholscher,SW_PUSH,smt
23.5624,3.48,15.0,top,SW41,,,CPG1316S01D02_mikeholscher,SW_PUSH,smt
3.8855,-4.35,-60.0,top,SW42,,,CPG1316S01D02_mikeholscher,SW_PUSH,smt
-67.4446,59.8491,0.0,top,SW5,,,CPG1316S01D02_mikeholscher,SW_PUSH,smt
-50.4446,57.4745,0.0,top,SW6,,,CPG1316S01D02_mikeholscher,SW_PUSH,smt
-135.4446,38.1,0.0,top,SW7,,,CPG1316S01D02_mikeholscher,SW_PUSH,smt
-118.4446,38.1,0.0,top,SW8,,,CPG1316S01D02_mikeholscher,SW_PUSH,smt
-101.4446,42.85,0.0,top,SW9,,,CPG1316S01D02_mikeholscher,SW_PUSH,smt
